Link Name,Center of Mass X,Center of Mass Y,Center of Mass Z,Center of Mass Roll,Center of Mass Pitch,Center of Mass Yaw,Mass,Moment Ixx,Moment Ixy,Moment Ixz,Moment Iyy,Moment Iyz,Moment Izz,Visual X,Visual Y,Visual Z,Visual Roll,Visual Pitch,Visual Yaw,Mesh Filename,Color Red,Color Green,Color Blue,Color Alpha,Collision X,Collision Y,Collision Z,Collision Roll,Collision Pitch,Collision Yaw,Collision Mesh Filename,Material Name,SW Components,Coordinate System,Axis Name,Joint Name,Joint Type,Joint Origin X,Joint Origin Y,Joint Origin Z,Joint Origin Roll,Joint Origin Pitch,Joint Origin Yaw,Parent,Joint Axis X,Joint Axis Y,Joint Axis Z,Limit Effort,Limit Velocity,Limit Lower,Limit Upper,Calibration rising,Calibration falling,Dynamics Damping,Dynamics Friction,Safety Soft Upper,Safety Soft Lower,Safety K Position,Safety K Velocity
base_link,0.0037770582145105,3.88556369317198E-05,-0.172672466710726,0,0,0,5.9028025886278,0.22526915301125,1.39710828126589E-05,-0.00459702042142445,0.179623680457409,8.01873931509789E-06,0.0829719390497794,0,0,0,0,0,0,package://v5_URDF/meshes/base_link.STL,0.6,0.6,0.6,1,0,0,0,0,0,0,package://v5_URDF/meshes/base_link.STL,,Torso Body 40x40 V-Slot Extrusion-1;Torso 40x40 V-Slot Extrusion-1;XM-430 1.4 GB-1;XM-430 1.4 GB-3;Torso.step-1;Head 40x40 V-Slot Extrusion-1;Head 40x40 Motor Mount-1;XM-430 Motor-13,GlobalCS,,,,0,0,0,0,0,0,,0,0,0,,,,,,,,,,,,
right_shoulder_1,-0.00498215647893118,0.0137616146087366,-0.0587574888680724,0,0,0,0.358747412616118,0.00104417521358521,2.43737115789025E-07,-2.12763691090865E-06,0.000472659404210992,2.81188938611361E-05,0.000898654043890314,0,0,0,0,0,0,package://v5_URDF/meshes/right_shoulder_1.STL,0.898039215686275,0.917647058823529,0.929411764705882,1,0,0,0,0,0,0,package://v5_URDF/meshes/right_shoulder_1.STL,,2-Bend Clamp 1 Long-1;2-Bend Clamp 1 Long-2;Shoulder Upper Arm Clamp 3mm-1;Right shoulder.step-1,Origin_j11,Axis1,j11,revolute,0,-0.206244975000007,-0.0122500000000135,1.5707963267949,0,3.14159265358979,base_link,0,0,-1,0,0,-1.571,1.571,,,,,,,,
right_shoulder_2,-6.73325330163288E-05,-0.0178133834509994,-0.00264857656869381,0,0,0,0.0788967649028125,2.49703186314024E-05,-6.29890723815443E-09,1.29775866565855E-09,1.49488308477605E-05,2.11248808728775E-06,2.56896410530108E-05,0,0,0,0,0,0,package://v5_URDF/meshes/right_shoulder_2.STL,0.792156862745098,0.819607843137255,0.933333333333333,1,0,0,0,0,0,0,package://v5_URDF/meshes/right_shoulder_2.STL,,XM-430 1.4 GB-2;2-Bend Clamp 2 GB Modified-1,Origin_j12,Axis2,j12,revolute,0,0.000324623368866475,-0.0970303585666253,-1.5707963267949,-1.57015699455256,1.5707963267949,right_shoulder_1,0,0,1,0,0,-2.269,0.105,,,,,,,,
right_shoulder_3,0.000430433929476714,-0.109894765422854,0.000393694393193644,0,0,0,0.401306132014166,0.000940757343541795,1.37520778100829E-05,1.53363764794489E-05,0.000500469687891597,-4.60242595160868E-06,0.00103063033082381,0,0,0,0,0,0,package://v5_URDF/meshes/right_shoulder_3.STL,1,0.937254901960784,0.137254901960784,1,0,0,0,0,0,0,package://v5_URDF/meshes/right_shoulder_3.STL,,Upper Arm Extrusion Spacer-1;XM-430 Motor-1;Upper Arm Internal to Extursion Clamp-1;Upper Arm Internal to Extursion Clamp-2;Upper Arm to Elbow 20x20b Extrusion-1;Upper Arm Extrusion Spacer-2;Elbow Clamp 2mm-1;XM-430 Motor-2;Elbow Clamp 2mm-2;Right bicep.step-1,Origin_j13,Axis3,j13,revolute,-0.000197322450632975,-0.0552057468871058,0.00797500000025222,0.00127866448471928,1.5707963267949,0,right_shoulder_2,0,0.999999182508679,-0.00127866413627633,0,0,-1.571,1.571,,,,,,,,
right_elbow_1,-0.00792320443264116,0.0623876112674557,0.00257307614356453,0,0,0,0.164684756558366,0.000106256537668795,4.7039782753727E-06,-3.00034670234032E-06,0.000157286928748668,4.71514134091977E-07,0.000136959034265782,0,0,0,0,0,0,package://v5_URDF/meshes/right_elbow_1.STL,0.898039215686275,0.917647058823529,0.929411764705882,1,0,0,0,0,0,0,package://v5_URDF/meshes/right_elbow_1.STL,,Elbow to Forearm Clamp 2mm-1;XM-430 Motor-3;2-Bend Clamp 1 2mm-1;HN12_N101 Horn-2;Right elbow.step-1,RightElbowCS,Axis4,j14,revolute,0.000100000000253023,-0.224696856366736,0,1.5707963267949,-1.56951766231018,1.5707963267949,right_shoulder_3,-1,0,0,0,0,-1.0472,1.309,,,,,,,,
right_elbow_2,0.000818777177861829,0.0816791761599194,-0.000857056126088719,0,0,0,0.237392378321504,0.00029631988680438,-1.5245771891154E-07,1.45924985242579E-07,0.000157802420853618,-2.71639401764095E-06,0.000298542738588507,0,0,0,0,0,0,package://v5_URDF/meshes/right_elbow_2.STL,0.898039215686275,0.917647058823529,0.929411764705882,1,0,0,0,0,0,0,package://v5_URDF/meshes/right_elbow_2.STL,,2-Bend Clamp 2 2mm-1;Forearm 20x20 Extrusion-1;Elbow Clamp 2mm-5;XM-430 Motor-4;Upper Arm Extrusion Spacer-3;Upper Arm Extrusion Spacer-4;HN12_N101 Horn-3;Right forearm-2,Origin_j15,Axis5,j15,revolute,-1.83717277871809E-05,0.101985602391172,0.00019732244229459,3.14159265358979,0,3.14159265358979,right_elbow_1,0,1,0,0,0,-1.57,1.57,,,,,,,,
right_wrist_1,-0.00363416239539688,-0.0222541766679796,0.00363418616749818,0,0,0,0.0225938557953762,5.04671811423024E-06,-1.40162779340714E-13,5.69823476304623E-07,2.14643808296516E-06,9.00537592981696E-13,5.01430848047236E-06,0,0,0,0,0,0,package://v5_URDF/meshes/right_wrist_1.STL,0.898039215686275,0.917647058823529,0.929411764705882,1,0,0,0,0,0,0,package://v5_URDF/meshes/right_wrist_1.STL,,Wrist Clamp 2mm-2;Wrist Clamp 2mm-1;HN12_N101 Horn-4;HN12_N101 Horn-5,Coordinate System13,Axis6,j16,revolute,0.000338552314752161,0.147652253083333,0.000497322442299319,0,0,3.14095332134742,right_elbow_2,-0.999999795627149,-0.000639332198812096,0,0,0,-0.95993,1.5533,,,,,,,,
right_wrist_2,0.000439259067155306,-0.0569085161540602,-0.00250947151873959,0,0,0,0.20298498678678,0.000118675848405242,7.09790847455237E-08,7.42215259712281E-14,0.000142547035444907,2.12775473155197E-08,0.000116701102404343,0,0,0,0,0,0,package://v5_URDF/meshes/right_wrist_2.STL,0.6,0.6,0.6,1,0,0,0,0,0,0,package://v5_URDF/meshes/right_wrist_2.STL,,XM-430 Motor-5;Motor Clamp 1 MK2-1;Motor Clamp new MK2-1;XM-430 Motor-6;Slider MK-2-1,Origin_j17,Axis7,j17,revolute,0.000494644890471518,-0.0450001174205644,-0.000127322447598478,0,0,0,right_wrist_1,0,0,1,0,0,-1.571,1.571,,,,,,,,
right_finger_1,-0.0128841580508815,0.0341204574596806,-0.0109116869185103,0,0,0,0.0609022599124917,4.82024505958164E-05,-3.17406017338133E-07,1.70407872657134E-06,2.31897349198971E-05,3.40739906139007E-06,3.67679960822001E-05,0,0,0,0,0,0,package://v5_URDF/meshes/right_finger_1.STL,0.792156862745098,0.819607843137255,0.933333333333333,1,0,0,0,0,0,0,package://v5_URDF/meshes/right_finger_1.STL,,Finger MK-2-1,Origin_f18,Axis8,f18,prismatic,-0.0472293186770806,-0.0797999999999117,0.012800000000167,0,0,3.14159265358979,right_wrist_2,-1,0,0,0,0,0,0.024,,,,,,,,
right_finger_2,-0.0128841580735367,0.0341204574596168,-0.0109116869118019,0,0,0,0.0609022599124919,4.82024505958166E-05,-3.17406017338123E-07,1.70407872657131E-06,2.31897349198971E-05,3.40739906139007E-06,3.67679960822002E-05,0,0,0,0,0,0,package://v5_URDF/meshes/right_finger_2.STL,0.792156862745098,0.819607843137255,0.933333333333333,1,0,0,0,0,0,0,package://v5_URDF/meshes/right_finger_2.STL,,Finger MK-2-2,Origin_f19,Axis8,f19,prismatic,0.0480618808715608,-0.0797999999999758,-0.0127999999994104,3.14159265358979,0,0,right_wrist_2,1,0,0,0,0,-0.024,0,,,,,,,,
left_shoulder_1,-0.00498481731723841,0.0137517435991431,0.0587564148003501,0,0,0,0.358791437962765,0.00104427174380774,2.00364146722983E-07,2.17146156682329E-06,0.00047270300224328,-2.81381228345816E-05,0.000898680006524921,0,0,0,0,0,0,package://v5_URDF/meshes/left_shoulder_1.STL,0.898039215686275,0.917647058823529,0.929411764705882,1,0,0,0,0,0,0,package://v5_URDF/meshes/left_shoulder_1.STL,,2-Bend Clamp 1 Long-3;Shoulder Upper Arm Clamp 3mm-2;2-Bend Clamp 1 Long-4;Left shoulder.step-1,Origin_j21,Axis16,j21,revolute,0,0.206244974999998,-0.012250000000019,1.5707963267949,0,3.14159265358979,base_link,0,0,1,0,0,-1.571,1.571,,,,,,,,
left_shoulder_2,5.611878174E-05,-0.0178134227541423,-0.00264857664605147,0,0,0,0.0788967646315721,2.497032236646E-05,1.08200611741564E-10,-5.28927266614562E-11,1.49488267010286E-05,2.11248838599649E-06,2.56896409576934E-05,0,0,0,0,0,0,package://v5_URDF/meshes/left_shoulder_2.STL,0.792156862745098,0.819607843137255,0.933333333333333,1,0,0,0,0,0,0,package://v5_URDF/meshes/left_shoulder_2.STL,,XM-430 1.4 GB-4;2-Bend Clamp 2 GB Modified-2,Origin_j22,Axis9,j22,revolute,0,0.000324623368871669,0.0970303585666364,3.14159265358979,-1.5707963267949,0,left_shoulder_1,0,0,1,0,0,-0.105,2.269,,,,,,,,
left_shoulder_3,0.00153360627643073,-0.000477621194118035,-0.109902482357076,0,0,0,0.401297766857032,0.00103021181484885,-1.53478980866693E-05,-5.01560498777546E-06,0.00094032189139374,-1.37513321808917E-05,0.000500408011028432,0,0,0,0,0,0,package://v5_URDF/meshes/left_shoulder_3.STL,0.6,0.6,0.6,1,0,0,0,0,0,0,package://v5_URDF/meshes/left_shoulder_3.STL,,XM-430 Motor-15;Upper Arm Internal to Extursion Clamp-3;Upper Arm Extrusion Spacer-5;Upper Arm Internal to Extursion Clamp-4;Upper Arm to Elbow 20x20b Extrusion-2;Upper Arm Extrusion Spacer-6;Elbow Clamp 2mm-7;XM-430 Motor-16;Elbow Clamp 2mm-8;left bicep.step-2,Origin_j23,Axis10,j23,revolute,0.000197322450478765,-0.0552026775494689,0.00797500000000062,1.57079632679491,0,3.14159265358979,left_shoulder_2,0,0,1,0,0,-1.571,1.571,,,,,,,,
left_elbow_1,0.0623831224921948,0.00840974324354837,-0.00241958317085898,0,0,0,0.164627752012669,0.000157239395126284,-4.76081561939847E-06,-4.75167915814644E-07,0.000106208889501223,-2.99750404217899E-06,0.000136882035334267,0,0,0,0,0,0,package://v5_URDF/meshes/left_elbow_1.STL,0.529411764705882,0.549019607843137,0.549019607843137,1,0,0,0,0,0,0,package://v5_URDF/meshes/left_elbow_1.STL,,HN12_N101 Horn-19;2-Bend Clamp 1 2mm-2;Elbow to Forearm Clamp 2mm-2;XM-430 Motor-17;left elbow.step-1,Origin_j24,Axis11,j24,revolute,0,-0.000199999999985666,-0.224700000000006,1.5707963267949,1.5707963267949,0,left_shoulder_3,0,1,0,0,0,-1.0472,1.309,,,,,,,,
left_elbow_2,-0.00116960087526097,0.0871271100772432,-0.00166348296458033,0,0,0,0.244439210733274,0.000298192069020658,7.22338272178546E-08,-1.48675431184618E-07,0.000158157979740065,-2.72002085575098E-06,0.000300750386020088,0,0,0,0,0,0,package://v5_URDF/meshes/left_elbow_2.STL,0.898039215686275,0.917647058823529,0.929411764705882,1,0,0,0,0,0,0,package://v5_URDF/meshes/left_elbow_2.STL,,2-Bend Clamp 2 2mm-2;HN12_N101 Horn-16;Upper Arm Extrusion Spacer-10;Forearm 20x20 Extrusion-2;Upper Arm Extrusion Spacer-9;Elbow Clamp 2mm-9;Elbow Clamp 2mm-10;XM-430 Motor-18;Left forearm.step-1,Origin_j25,Axis12,j25,revolute,0.0975853550987641,0.000297322450554638,0.000197322450540465,0,0,-1.5707963267949,left_elbow_1,0,1,0,0,0,-1.57,1.57,,,,,,,,
left_wrist_1,0.004577239799263,-0.0165514905545454,-2.35897871488436E-08,0,0,0,0.0180647810553896,4.94192902119461E-06,-6.09088197039089E-13,5.69824577833894E-07,2.04164818688615E-06,-9.92920027302345E-13,4.81263492770793E-06,0,0,0,0,0,0,package://v5_URDF/meshes/left_wrist_1.STL,0.898039215686275,0.917647058823529,0.929411764705882,1,0,0,0,0,0,0,package://v5_URDF/meshes/left_wrist_1.STL,,Wrist Clamp 2mm-3;Wrist Clamp 2mm-4;HN12_N101 Horn-18,Origin_j26,Axis13,j26,revolute,0,0.152052677549566,-0.000297322450548531,0,0,-3.14159265358979,left_elbow_2,1,0,0,0,0,-0.95993,1.5533,,,,,,,,
left_wrist_2,0.000788979606911877,-0.0556665826660349,-0.00218356001110909,0,0,0,0.207514061526763,0.00011878063742872,7.09780918253583E-08,-5.348667933151E-13,0.000142651824468331,2.12781564042068E-08,0.00011690277689932,0,0,0,0,0,0,package://v5_URDF/meshes/left_wrist_2.STL,0.6,0.6,0.6,1,0,0,0,0,0,0,package://v5_URDF/meshes/left_wrist_2.STL,,XM-430 Motor-19;HN12_N101 Horn-17;Motor Clamp new MK2-2;Motor Clamp 1 MK2-2;XM-430 Motor-20;Slider MK-2-2,Origin_j27,Axis14,j27,revolute,0.000127322450572731,-0.0449999999999919,0,0,0,0,left_wrist_1,0,0,1,0,0,-1.571,1.571,,,,,,,,
left_finger_1,-0.0128841580955447,0.0341205748371174,-0.0109116868365304,0,0,0,0.0609022601784627,4.82024507201227E-05,-3.17406035690314E-07,1.70407876095635E-06,2.31897350289538E-05,3.40739911357438E-06,3.67679961302716E-05,0,0,0,0,0,0,package://v5_URDF/meshes/left_finger_1.STL,0.792156862745098,0.819607843137255,0.933333333333333,1,0,0,0,0,0,0,package://v5_URDF/meshes/left_finger_1.STL,,Finger MK-2-3,Origin_f28,Axis15,f28,prismatic,0.048429203299978,-0.0798000000000137,-0.012727322450562,-3.14159265358978,0,0,left_wrist_2,1,0,0,0,0,-0.024,0,,,,,,,,
left_finger_2,-0.0128841580620748,0.0341205748801486,-0.0109116869153437,0,0,0,0.0609022599124918,4.82024505958164E-05,-3.17406017338057E-07,1.70407872657131E-06,2.31897349198971E-05,3.40739906139009E-06,3.67679960822E-05,0,0,0,0,0,0,package://v5_URDF/meshes/left_finger_2.STL,0.792156862745098,0.819607843137255,0.933333333333333,1,0,0,0,0,0,0,package://v5_URDF/meshes/left_finger_2.STL,,Finger MK-2-4,Origin_f29,Axis15,f29,prismatic,-0.0468360049026447,-0.0798000000000124,0.0126726775494417,0,0,3.14159265358979,left_wrist_2,-1,0,0,0,0,-0.024,0,,,,,,,,
neck_yaw,2.8929E-11,0.0095177,2.4362E-08,0,0,0,0.02475,2.4429E-06,-8.0473E-15,-5.5356E-15,6.7824E-06,-8.6546E-13,7.5925E-06,0,0,0,0,0,0,package://v5_URDF/meshes/neck_yaw.STL,0.52941,0.54902,0.54902,1,0,0,0,0,0,0,package://v5_URDF/meshes/neck_yaw.STL,,HN12_N101 Horn-13;FR12-H101K Clone-1,Origin_j31,Axis17,j31,revolute,0.00875,0,0.1486,1.5708,0,1.5708,base_link,0,1,0,0,0,-1.57,1.57,,,,,,,,
neck_pitch,0.18995,-0.013103,0.00089041,0,0,0,0.78791,0.0046773,0.0007712,5.0088E-05,0.0087386,4.9381E-05,0.0086581,0,0,0,0,0,0,package://v5_URDF/meshes/neck_pitch.STL,0.6,0.6,0.6,1,0,0,0,0,0,0,package://v5_URDF/meshes/neck_pitch.STL,,XM-430 Motor-14;Head.step-1,Origin_j_32,Axis18,j_32,revolute,0,0.030398,0,-1.5708,0,1.5708,neck_yaw,0,0,1,0,0,-0.52,0.52,,,,,,,,
camera,-0.000479,2.7843E-05,-0.012566,0,0,0,1.2669,0.00011453,-4.0383E-08,-1.1341E-05,0.0007716,-2.0551E-07,0.00076373,0,0,0,0,0,0,package://v5_URDF/meshes/camera.STL,0,1,0,1,0,0,0,0,0,0,package://v5_URDF/meshes/camera.STL,,D435i-1,Camera_frame,,j33,fixed,0.23949,-0.10418,0.0015188,-0.34907,-1.5533,1.3204,neck_pitch,0,0,0,,,,,,,,,,,,
